{
  "__version__": "1.0.3",
  "builder": {
    "taskOptionsMap": {},
    "__version__": "1.3.9"
  },
  "gizmos-infos": {
    "is2D": false,
    "is3DIcon": false,
    "iconSize": 2,
    "gridVisible": true,
    "originAxis2D": {
      "x_visible": true,
      "y_visible": true,
      "z_visible": false
    },
    "originAxis3D": {
      "x_visible": true,
      "y_visible": false,
      "z_visible": true
    },
    "gridColor": [
      166,
      166,
      166,
      255
    ],
    "transformToolName": "position",
    "pivot": "pivot",
    "coordinate": "local",
    "toolsVisibility3d": true
  },
  "snap-configs": {
    "position": {
      "x": 1,
      "y": 1,
      "z": 1
    },
    "rotation": 1,
    "scale": 1,
    "isPositionSnapEnabled": false,
    "isRotationSnapEnabled": false,
    "isScaleSnapEnabled": false
  },
  "rect-snap-configs": {
    "enableSnapping": true,
    "snapThreshold": 4
  },
  "camera-infos": {
    "61d7330c-94d7-44b7-8e68-e6edd017bdfb": {
      "position": {
        "x": 15.362718099406493,
        "y": 15.362718099406486,
        "z": 15.362718099406486
      },
      "rotation": {
        "x": -0.27984814233312133,
        "y": 0.3647051996310009,
        "z": 0.11591689595929512,
        "w": 0.8804762392171493
      },
      "viewCenter": {
        "x": 0,
        "y": 0,
        "z": 0
      },
      "contentRect": {
        "x": 0,
        "y": 0,
        "width": 1602,
        "height": 934
      },
      "scale": 1
    },
    "05dde679-f50a-42a3-864e-0b6fa53c2e15": {
      "position": {
        "x": 13.439022815693457,
        "y": 13.43902281569345,
        "z": 13.43902281569345
      },
      "rotation": {
        "x": -0.27984814233312133,
        "y": 0.3647051996310009,
        "z": 0.11591689595929512,
        "w": 0.8804762392171493
      },
      "viewCenter": {
        "x": 3.552713678800501e-15,
        "y": 0,
        "z": 1.7763568394002505e-15
      },
      "contentRect": {
        "x": 0,
        "y": 0,
        "width": 1602,
        "height": 934
      },
      "scale": 1
    },
    "c1058108-623f-4e17-aa9d-71769a52bec2": {
      "position": {
        "x": 15.362718099406493,
        "y": 15.362718099406486,
        "z": 15.362718099406486
      },
      "rotation": {
        "x": -0.27984814233312133,
        "y": 0.36470519963100073,
        "z": 0.11591689595929508,
        "w": 0.8804762392171493
      },
      "viewCenter": {
        "x": 0,
        "y": 0,
        "z": 0
      },
      "contentRect": {
        "x": 0,
        "y": 0,
        "width": 1602,
        "height": 934
      },
      "scale": 1
    },
    "4876faba-580d-4b4a-b381-c5e98e0cc31f": {
      "position": {
        "x": 15.362718099388594,
        "y": 15.362718099388598,
        "z": 15.362718099388594
      },
      "rotation": {
        "x": -0.27984814233312133,
        "y": 0.36470519963100073,
        "z": 0.11591689595929508,
        "w": 0.8804762392171493
      },
      "viewCenter": {
        "x": 0,
        "y": 0,
        "z": 0
      },
      "contentRect": {
        "x": 0,
        "y": 0,
        "width": 1602,
        "height": 934
      },
      "scale": 1
    },
    "d58f0f35-09f5-4d22-9c63-a3c415e220aa": {
      "position": {
        "x": 15.362718099388594,
        "y": 15.362718099388598,
        "z": 15.362718099388594
      },
      "rotation": {
        "x": -0.27984814233312133,
        "y": 0.36470519963100073,
        "z": 0.11591689595929508,
        "w": 0.8804762392171493
      },
      "viewCenter": {
        "x": 0,
        "y": 0,
        "z": 0
      },
      "contentRect": {
        "x": 0,
        "y": 0,
        "width": 1602,
        "height": 934
      },
      "scale": 1
    },
    "a2a23464-9244-46c8-9445-74297d0cd04e": {
      "position": {
        "x": 11.590289745423682,
        "y": 11.590289745423682,
        "z": 11.590289745423675
      },
      "rotation": {
        "x": -0.27984814233312133,
        "y": 0.3647051996310009,
        "z": 0.11591689595929512,
        "w": 0.8804762392171493
      },
      "viewCenter": {
        "x": 0,
        "y": 0,
        "z": 0
      },
      "contentRect": {
        "x": 0,
        "y": 0,
        "width": 1602,
        "height": 1238
      },
      "scale": 1
    },
    "586c9db7-69f5-404f-bb6e-b06b15f6f0f7": {
      "position": {
        "x": 11.59028974542143,
        "y": 11.59028974542143,
        "z": 11.59028974542143
      },
      "rotation": {
        "x": -0.27984814233312133,
        "y": 0.3647051996310009,
        "z": 0.11591689595929512,
        "w": 0.8804762392171493
      },
      "viewCenter": {
        "x": 0,
        "y": 0,
        "z": 0
      },
      "contentRect": {
        "x": 0,
        "y": 0,
        "width": 3000,
        "height": 2000
      },
      "scale": 1
    },
    "bd48bf8d-ccd8-4d95-b84f-0718a25ff0f9": {
      "position": {
        "x": 15.362718099388594,
        "y": 15.362718099388601,
        "z": 15.362718099388594
      },
      "rotation": {
        "x": -0.27984814233312133,
        "y": 0.36470519963100073,
        "z": 0.1159168959592951,
        "w": 0.8804762392171493
      },
      "viewCenter": {
        "x": 0,
        "y": 0,
        "z": 0
      },
      "contentRect": {
        "x": 0,
        "y": 0,
        "width": 532,
        "height": 1154
      },
      "scale": 1
    },
    "aa97c3d5-63c3-4251-a3e2-a196ee4de21c": {
      "position": {
        "x": 3237.3378022636184,
        "y": 3237.337802263618,
        "z": 3237.3378022636175
      },
      "rotation": {
        "x": -0.27984814233312133,
        "y": 0.36470519963100073,
        "z": 0.1159168959592951,
        "w": 0.8804762392171493
      },
      "viewCenter": {
        "x": 0,
        "y": 0,
        "z": 0
      },
      "contentRect": {
        "x": 0,
        "y": 0,
        "width": 532,
        "height": 1154
      },
      "scale": 1
    },
    "8fb7429d-4471-4e39-950b-1f8341dbdf5d": {
      "position": {
        "x": 11.590289745423682,
        "y": 11.590289745423682,
        "z": 11.590289745423675
      },
      "rotation": {
        "x": -0.27984814233312133,
        "y": 0.36470519963100073,
        "z": 0.1159168959592951,
        "w": 0.8804762392171493
      },
      "viewCenter": {
        "x": 0,
        "y": 0,
        "z": 0
      },
      "contentRect": {
        "x": 0,
        "y": 0,
        "width": 1602,
        "height": 1238
      },
      "scale": 1
    }
  },
  "camera-uuids": [
    "61d7330c-94d7-44b7-8e68-e6edd017bdfb",
    "05dde679-f50a-42a3-864e-0b6fa53c2e15",
    "c1058108-623f-4e17-aa9d-71769a52bec2",
    "4876faba-580d-4b4a-b381-c5e98e0cc31f",
    "d58f0f35-09f5-4d22-9c63-a3c415e220aa",
    "a2a23464-9244-46c8-9445-74297d0cd04e",
    "586c9db7-69f5-404f-bb6e-b06b15f6f0f7",
    "bd48bf8d-ccd8-4d95-b84f-0718a25ff0f9",
    "aa97c3d5-63c3-4251-a3e2-a196ee4de21c",
    "8fb7429d-4471-4e39-950b-1f8341dbdf5d"
  ],
  "camera": {
    "color": [
      48,
      48,
      48,
      255
    ],
    "fov": 45,
    "far": 10000,
    "near": 0.01,
    "wheelSpeed": 0.01,
    "wanderSpeed": 10,
    "enableAcceleration": true,
    "size": "__default_design__",
    "far2D": 10000,
    "near2D": 1,
    "wheelSpeed2D": 6,
    "iso": 0,
    "aperture": 19,
    "shutter": 7
  },
  "float-window": {
    "position": {
      "cc": {
        "Camera": {
          "dock": false,
          "top": null,
          "bottom": 10,
          "left": null,
          "right": 10
        }
      }
    }
  },
  "scene_view": {
    "isSceneLightOn": true,
    "output_device": "__default_design__"
  },
  "game-view": {
    "devicesInfo": {
      "name": "Apple iPhone 14 Pro Max",
      "type": "device",
      "width": 430,
      "height": 932
    },
    "scaleValue": 112,
    "sliderValue": 52,
    "rotate": false
  }
}
