{
  "__version__": "1.0.3",
  "builder": {},
  "gizmos-infos": {
    "is2D": false,
    "is3DIcon": false,
    "iconSize": 2,
    "gridVisible": true,
    "originAxis2D": {
      "x_visible": true,
      "y_visible": true,
      "z_visible": false
    },
    "originAxis3D": {
      "x_visible": true,
      "y_visible": false,
      "z_visible": true
    },
    "gridColor": [
      166,
      166,
      166,
      255
    ],
    "transformToolName": "position",
    "pivot": "pivot",
    "coordinate": "local",
    "toolsVisibility3d": true
  },
  "snap-configs": {
    "position": {
      "x": 1,
      "y": 1,
      "z": 1
    },
    "rotation": 1,
    "scale": 1,
    "isPositionSnapEnabled": false,
    "isRotationSnapEnabled": false,
    "isScaleSnapEnabled": false
  },
  "rect-snap-configs": {
    "enableSnapping": true,
    "snapThreshold": 4
  },
  "camera-infos": {
    "61d7330c-94d7-44b7-8e68-e6edd017bdfb": {
      "position": {
        "x": 15.362718099406493,
        "y": 15.362718099406486,
        "z": 15.362718099406486
      },
      "rotation": {
        "x": -0.27984814233312133,
        "y": 0.3647051996310009,
        "z": 0.11591689595929512,
        "w": 0.8804762392171493
      },
      "viewCenter": {
        "x": 0,
        "y": 0,
        "z": 0
      },
      "contentRect": {
        "x": 0,
        "y": 0,
        "width": 1602,
        "height": 934
      },
      "scale": 1
    },
    "05dde679-f50a-42a3-864e-0b6fa53c2e15": {
      "position": {
        "x": 13.439022815693457,
        "y": 13.43902281569345,
        "z": 13.43902281569345
      },
      "rotation": {
        "x": -0.27984814233312133,
        "y": 0.3647051996310009,
        "z": 0.11591689595929512,
        "w": 0.8804762392171493
      },
      "viewCenter": {
        "x": 3.552713678800501e-15,
        "y": 0,
        "z": 1.7763568394002505e-15
      },
      "contentRect": {
        "x": 0,
        "y": 0,
        "width": 1602,
        "height": 934
      },
      "scale": 1
    },
    "aa97c3d5-63c3-4251-a3e2-a196ee4de21c": {
      "position": {
        "x": 3277.379861436409,
        "y": 3277.3798614364086,
        "z": 3277.379861436408
      },
      "rotation": {
        "x": -0.27984814233312133,
        "y": 0.3647051996310009,
        "z": 0.11591689595929512,
        "w": 0.8804762392171493
      },
      "viewCenter": {
        "x": 0,
        "y": 0,
        "z": 0
      },
      "contentRect": {
        "x": 0,
        "y": 0,
        "width": 1602,
        "height": 934
      },
      "scale": 1
    }
  },
  "camera-uuids": [
    "61d7330c-94d7-44b7-8e68-e6edd017bdfb",
    "05dde679-f50a-42a3-864e-0b6fa53c2e15",
    "aa97c3d5-63c3-4251-a3e2-a196ee4de21c"
  ],
  "camera": {
    "color": [
      48,
      48,
      48,
      255
    ],
    "fov": 45,
    "far": 10000,
    "near": 0.01,
    "wheelSpeed": 0.01,
    "wanderSpeed": 10,
    "enableAcceleration": true,
    "size": "__default_design__",
    "far2D": 10000,
    "near2D": 1,
    "wheelSpeed2D": 6,
    "iso": 0,
    "aperture": 19,
    "shutter": 7
  },
  "float-window": {
    "position": {
      "cc": {
        "Camera": {
          "dock": false,
          "top": null,
          "bottom": 10,
          "left": null,
          "right": 10
        }
      }
    }
  }
}
